{"$schema":"http://schema.management.azure.com/schemas/2015-01-01/deploymentTemplate.json#","contentVersion":"1.0.0.0","parameters":{"factoryName":{"type":"string","metadata":"Data Factory name"},"SqlServer_onpremise":{"type":"string"},"AzureDataLakeStorage_Migration":{"type":"string"}},"variables":{"factoryId":"[concat('Microsoft.DataFactory/factories/', parameters('factoryName'))]"},"resources":[{"name":"[concat(parameters('factoryName'), '/Migration_pipeline')]","type":"Microsoft.DataFactory/factories/pipelines","apiVersion":"2018-06-01","properties":{"activities":[{"name":"Copy data1","type":"Copy","dependsOn":[],"policy":{"timeout":"0.12:00:00","retry":0,"retryIntervalInSeconds":30,"secureOutput":false,"secureInput":false},"userProperties":[],"typeProperties":{"source":{"type":"SqlServerSource","queryTimeout":"02:00:00","partitionOption":"None"},"sink":{"type":"ParquetSink","storeSettings":{"type":"AzureBlobFSWriteSettings"},"formatSettings":{"type":"ParquetWriteSettings"}},"enableStaging":false,"translator":{"type":"TabularTranslator","mappings":[{"source":{"name":"AddressID","type":"Int32","physicalType":"int"},"sink":{"name":"AddressID","type":"Int32","physicalType":"INT_32"}},{"source":{"name":"AddressLine1","type":"String","physicalType":"nvarchar"},"sink":{"name":"AddressLine1","type":"String","physicalType":"UTF8"}},{"source":{"name":"AddressLine2","type":"String","physicalType":"nvarchar"},"sink":{"name":"AddressLine2","type":"String","physicalType":"UTF8"}},{"source":{"name":"City","type":"String","physicalType":"nvarchar"},"sink":{"name":"City","type":"String","physicalType":"UTF8"}},{"source":{"name":"StateProvince","type":"String","physicalType":"nvarchar"},"sink":{"name":"StateProvince","type":"String","physicalType":"UTF8"}},{"source":{"name":"CountryRegion","type":"String","physicalType":"nvarchar"},"sink":{"name":"CountryRegion","type":"String","physicalType":"UTF8"}},{"source":{"name":"PostalCode","type":"String","physicalType":"nvarchar"},"sink":{"name":"PostalCode","type":"String","physicalType":"UTF8"}},{"source":{"name":"rowguid","type":"Guid","physicalType":"uniqueidentifier"},"sink":{"name":"rowguid","type":"Guid","physicalType":"UTF8"}},{"source":{"name":"ModifiedDate","type":"DateTime","physicalType":"datetime"},"sink":{"name":"ModifiedDate","type":"DateTime","physicalType":"INT_96"}}],"typeConversion":true,"typeConversionSettings":{"allowDataTruncation":true,"treatBooleanAsNumber":false}}},"inputs":[{"referenceName":"SqlServerTable1","type":"DatasetReference","parameters":{}}],"outputs":[{"referenceName":"Parquet1","type":"DatasetReference","parameters":{}}]}],"policy":{"elapsedTimeMetric":{}},"annotations":[]},"dependsOn":["[concat(variables('factoryId'), '/datasets/SqlServerTable1')]","[concat(variables('factoryId'), '/datasets/Parquet1')]"]},{"name":"[concat(parameters('factoryName'), '/SqlServerTable1')]","type":"Microsoft.DataFactory/factories/datasets","apiVersion":"2018-06-01","properties":{"linkedServiceName":{"referenceName":"[parameters('SqlServer_onpremise')]","type":"LinkedServiceReference"},"annotations":[],"type":"SqlServerTable","schema":[{"name":"AddressID","type":"int","precision":10},{"name":"AddressLine1","type":"nvarchar"},{"name":"AddressLine2","type":"nvarchar"},{"name":"City","type":"nvarchar"},{"name":"StateProvince","type":"nvarchar"},{"name":"CountryRegion","type":"nvarchar"},{"name":"PostalCode","type":"nvarchar"},{"name":"rowguid","type":"uniqueidentifier"},{"name":"ModifiedDate","type":"datetime","precision":23,"scale":3}],"typeProperties":{"schema":"SalesLT","table":"Address"}},"dependsOn":[]},{"name":"[concat(parameters('factoryName'), '/Parquet1')]","type":"Microsoft.DataFactory/factories/datasets","apiVersion":"2018-06-01","properties":{"linkedServiceName":{"referenceName":"[parameters('AzureDataLakeStorage_Migration')]","type":"LinkedServiceReference"},"annotations":[],"type":"Parquet","typeProperties":{"location":{"type":"AzureBlobFSLocation","fileSystem":"bronze"},"compressionCodec":"snappy"},"schema":[]},"dependsOn":[]}]}