{"$schema":"http://schema.management.azure.com/schemas/2015-01-01/deploymentTemplate.json#","contentVersion":"1.0.0.0","parameters":{"factoryName":{"type":"string","metadata":"Data Factory name"},"SqlServer_onpremise":{"type":"string"},"AzureDataLakeStorage_Migration":{"type":"string"}},"variables":{"factoryId":"[concat('Microsoft.DataFactory/factories/', parameters('factoryName'))]"},"resources":[{"name":"[concat(parameters('factoryName'), '/Migrate_SalesLTschema')]","type":"Microsoft.DataFactory/factories/pipelines","apiVersion":"2018-06-01","properties":{"activities":[{"name":"Lookup_SalesLTtables","type":"Lookup","dependsOn":[],"policy":{"timeout":"0.12:00:00","retry":0,"retryIntervalInSeconds":30,"secureOutput":false,"secureInput":false},"userProperties":[],"typeProperties":{"source":{"type":"SqlServerSource","sqlReaderQuery":"select s.name as SchemaName, t.name as TableName\nfrom sys.tables t\nJOIN sys.schemas s\non t.schema_id = s.schema_id\nwhere s.name = 'SalesLT';\n","queryTimeout":"02:00:00","partitionOption":"None"},"dataset":{"referenceName":"SqlServerTables_SalesLTschema","type":"DatasetReference","parameters":{}},"firstRowOnly":false}},{"name":"ForEach1","type":"ForEach","dependsOn":[{"activity":"Lookup_SalesLTtables","dependencyConditions":["Succeeded"]}],"userProperties":[],"typeProperties":{"items":{"value":"@activity('Lookup_SalesLTtables').output.value","type":"Expression"},"activities":[{"name":"Copy data1","type":"Copy","dependsOn":[],"policy":{"timeout":"0.12:00:00","retry":0,"retryIntervalInSeconds":30,"secureOutput":false,"secureInput":false},"userProperties":[],"typeProperties":{"source":{"type":"SqlServerSource","sqlReaderQuery":{"value":"@concat('SELECT * FROM ', item().SchemaName, '.', item().TableName)","type":"Expression"},"queryTimeout":"02:00:00","partitionOption":"None"},"sink":{"type":"ParquetSink","storeSettings":{"type":"AzureBlobFSWriteSettings"},"formatSettings":{"type":"ParquetWriteSettings"}},"enableStaging":false,"translator":{"type":"TabularTranslator","typeConversion":true,"typeConversionSettings":{"allowDataTruncation":true,"treatBooleanAsNumber":false}}},"inputs":[{"referenceName":"SqlServertablecopy","type":"DatasetReference","parameters":{}}],"outputs":[{"referenceName":"Parquet_alltables","type":"DatasetReference","parameters":{"SchemaName":{"value":"@item().SchemaName","type":"Expression"},"TableName":{"value":"@item().TableName","type":"Expression"}}}]}]}}],"policy":{"elapsedTimeMetric":{}},"annotations":[]},"dependsOn":["[concat(variables('factoryId'), '/datasets/SqlServerTables_SalesLTschema')]","[concat(variables('factoryId'), '/datasets/SqlServertablecopy')]","[concat(variables('factoryId'), '/datasets/Parquet_alltables')]"]},{"name":"[concat(parameters('factoryName'), '/SqlServerTables_SalesLTschema')]","type":"Microsoft.DataFactory/factories/datasets","apiVersion":"2018-06-01","properties":{"linkedServiceName":{"referenceName":"[parameters('SqlServer_onpremise')]","type":"LinkedServiceReference"},"annotations":[],"type":"SqlServerTable","schema":[],"typeProperties":{}},"dependsOn":[]},{"name":"[concat(parameters('factoryName'), '/SqlServertablecopy')]","type":"Microsoft.DataFactory/factories/datasets","apiVersion":"2018-06-01","properties":{"linkedServiceName":{"referenceName":"[parameters('SqlServer_onpremise')]","type":"LinkedServiceReference"},"annotations":[],"type":"SqlServerTable","schema":[],"typeProperties":{}},"dependsOn":[]},{"name":"[concat(parameters('factoryName'), '/Parquet_alltables')]","type":"Microsoft.DataFactory/factories/datasets","apiVersion":"2018-06-01","properties":{"linkedServiceName":{"referenceName":"[parameters('AzureDataLakeStorage_Migration')]","type":"LinkedServiceReference"},"parameters":{"SchemaName":{"type":"string"},"TableName":{"type":"string"}},"annotations":[],"type":"Parquet","typeProperties":{"location":{"type":"AzureBlobFSLocation","fileName":{"value":"@concat(dataset().TableName, '.parquet')","type":"Expression"},"folderPath":{"value":"@concat(dataset().SchemaName, '/',dataset().TableName)","type":"Expression"},"fileSystem":"bronze"},"compressionCodec":"snappy"},"schema":[]},"dependsOn":[]}]}