{"$schema":"http://schema.management.azure.com/schemas/2015-01-01/deploymentTemplate.json#","contentVersion":"1.0.0.0","parameters":{"workspaceName":{"type":"string","metadata":"Workspace name","defaultValue":"nk-migration-synapse"},"AzureSqlDatabase_gold":{"type":"string"},"nk-migration-synapse-WorkspaceDefaultStorage":{"type":"string"}},"variables":{"workspaceId":"[concat('Microsoft.Synapse/workspaces/', parameters('workspaceName'))]"},"resources":[{"name":"[concat(parameters('workspaceName'), '/ExecuteSQLServerLessView_gold')]","type":"Microsoft.Synapse/workspaces/pipelines","apiVersion":"2019-06-01-preview","properties":{"activities":[{"name":"Get Metadata_gold_tables","type":"GetMetadata","dependsOn":[],"policy":{"timeout":"0.12:00:00","retry":0,"retryIntervalInSeconds":30,"secureOutput":false,"secureInput":false},"userProperties":[],"typeProperties":{"dataset":{"referenceName":"Binary_gold_tables","type":"DatasetReference","parameters":{}},"fieldList":["childItems"],"storeSettings":{"type":"AzureBlobFSReadSettings","recursive":true,"enablePartitionDiscovery":false},"formatSettings":{"type":"BinaryReadSettings"}}},{"name":"ForEach_gold_table","type":"ForEach","dependsOn":[{"activity":"Get Metadata_gold_tables","dependencyConditions":["Succeeded"]}],"userProperties":[],"typeProperties":{"items":{"value":"@activity('Get Metadata_gold_tables').output.childItems","type":"Expression"},"activities":[{"name":"Stored procedure1","type":"SqlServerStoredProcedure","dependsOn":[],"policy":{"timeout":"0.12:00:00","retry":0,"retryIntervalInSeconds":30,"secureOutput":false,"secureInput":false},"userProperties":[],"typeProperties":{"storedProcedureName":"[[dbo].[CreateSQLServerLessView_gold]","storedProcedureParameters":{"ViewName":{"value":{"value":"@replace(item().name,'.parquet','')","type":"Expression"},"type":"String"}}},"linkedServiceName":{"referenceName":"[parameters('AzureSqlDatabase_gold')]","type":"LinkedServiceReference"}}]}}],"policy":{"elapsedTimeMetric":{}},"annotations":[],"lastPublishTime":"2024-01-19T19:16:30Z"},"dependsOn":["[concat(variables('workspaceId'), '/datasets/Binary_gold_tables')]"]},{"name":"[concat(parameters('workspaceName'), '/Binary_gold_tables')]","type":"Microsoft.Synapse/workspaces/datasets","apiVersion":"2019-06-01-preview","properties":{"linkedServiceName":{"referenceName":"[parameters('nk-migration-synapse-WorkspaceDefaultStorage')]","type":"LinkedServiceReference"},"annotations":[],"type":"Binary","typeProperties":{"location":{"type":"AzureBlobFSLocation","fileSystem":"gold"}}},"dependsOn":[]}]}